"extension","file_cb","file_processed","filetype"
"sh","1","CONTRIBUTING.html","sh"
"sh","2","CONTRIBUTING.html","sh"
"sh","3","CONTRIBUTING.html","sh"
"sh","4","CONTRIBUTING.html","sh"
"yml","5","CONTRIBUTING.html","yaml"
"sh","6","CONTRIBUTING.html","sh"
"sh","7","CONTRIBUTING.html","sh"
"sh","8","CONTRIBUTING.html","sh"
"hs","9","CONTRIBUTING.html","haskell"
"sh","10","CONTRIBUTING.html","sh"
"sh","11","CONTRIBUTING.html","sh"
"sh","12","CONTRIBUTING.html","sh"
"sh","1","README.html","sh"
"sh","2","README.html","sh"
"sh","3","README.html","sh"
"sh","4","README.html","sh"
"sh","5","README.html","sh"
"sh","6","README.html","sh"
"sh","7","README.html","sh"
"sh","8","README.html","sh"
"sh","9","README.html","sh"
"sh","10","README.html","sh"
"sh","11","README.html","sh"
"sh","12","README.html","sh"
"xml","13","README.html","xml"
"css","14","README.html","css"
"sh","15","README.html","sh"
"sh","16","README.html","sh"
"sh","17","README.html","sh"
"yaml","18","README.html","yaml"
"yaml","19","README.html","yaml"
"yaml","20","README.html","yaml"
"sh","21","README.html","sh"
"yaml","22","README.html","yaml"
"sh","23","README.html","sh"
"yaml","24","README.html","yaml"
"undefined","25","README.html",""
"yaml","26","README.html","yaml"
"yaml","27","README.html","yaml"
"undefined","28","README.html",""
"yaml","29","README.html","yaml"
"yaml","30","README.html","yaml"
"yaml","31","README.html","yaml"
"yaml","32","README.html","yaml"
"yaml","33","README.html","yaml"
"yaml","34","README.html","yaml"
"yaml","35","README.html","yaml"
"yaml","36","README.html","yaml"
"yaml","37","README.html","yaml"
"yaml","38","README.html","yaml"
"yaml","39","README.html","yaml"
"yaml","40","README.html","yaml"
"yaml","41","README.html","yaml"
"yaml","42","README.html","yaml"
"yaml","43","README.html","yaml"
"yaml","44","README.html","yaml"
"yaml","45","README.html","yaml"
"yaml","46","README.html","yaml"
"yaml","47","README.html","yaml"
"yaml","48","README.html","yaml"
"yaml","49","README.html","yaml"
"yaml","50","README.html","yaml"
"yaml","51","README.html","yaml"
"yaml","52","README.html","yaml"
"yaml","53","README.html","yaml"
"yaml","54","README.html","yaml"
"yaml","55","README.html","yaml"
"yaml","56","README.html","yaml"
"sh","57","README.html","sh"
"yaml","58","README.html","yaml"
"yaml","59","README.html","yaml"
"yaml","60","README.html","yaml"
"yaml","61","README.html","yaml"
"yaml","62","README.html","yaml"
"yaml","63","README.html","yaml"
"yaml","64","README.html","yaml"
"yaml","65","README.html","yaml"
"yaml","66","README.html","yaml"
"yaml","67","README.html","yaml"
"yaml","68","README.html","yaml"
"yaml","69","README.html","yaml"
"yaml","70","README.html","yaml"
"yaml","71","README.html","yaml"
"yaml","72","README.html","yaml"
"yaml","73","README.html","yaml"
"yaml","74","README.html","yaml"
"yaml","75","README.html","yaml"
"yaml","76","README.html","yaml"
"yaml","77","README.html","yaml"
"yaml","78","README.html","yaml"
"yaml","79","README.html","yaml"
"yaml","80","README.html","yaml"
"yaml","81","README.html","yaml"
"yaml","82","README.html","yaml"
"yaml","83","README.html","yaml"
"yaml","84","README.html","yaml"
"yaml","85","README.html","yaml"
"yaml","86","README.html","yaml"
"yaml","87","README.html","yaml"
"yaml","88","README.html","yaml"
"yaml","89","README.html","yaml"
"yaml","90","README.html","yaml"
"yaml","91","README.html","yaml"
"yaml","92","README.html","yaml"
"yaml","93","README.html","yaml"
"yaml","94","README.html","yaml"
"yaml","95","README.html","yaml"
"yaml","96","README.html","yaml"
"yaml","97","README.html","yaml"
"yaml","98","README.html","yaml"
"yaml","99","README.html","yaml"
"yaml","100","README.html","yaml"
"yaml","101","README.html","yaml"
"yaml","102","README.html","yaml"
"yaml","103","README.html","yaml"
"yaml","104","README.html","yaml"
"yaml","105","README.html","yaml"
"yaml","106","README.html","yaml"
"yaml","107","README.html","yaml"
"yaml","108","README.html","yaml"
"yaml","109","README.html","yaml"
"yaml","110","README.html","yaml"
"yaml","111","README.html","yaml"
"yaml","112","README.html","yaml"
"yaml","113","README.html","yaml"
"yaml","114","README.html","yaml"
"yaml","115","README.html","yaml"
"yaml","116","README.html","yaml"
"yaml","117","README.html","yaml"
"yaml","118","README.html","yaml"
"yaml","119","README.html","yaml"
"yaml","120","README.html","yaml"
"yaml","121","README.html","yaml"
"yaml","122","README.html","yaml"
"yaml","123","README.html","yaml"
"yaml","124","README.html","yaml"
"yaml","125","README.html","yaml"
"yaml","126","README.html","yaml"
"yaml","127","README.html","yaml"
"yaml","128","README.html","yaml"
"yaml","129","README.html","yaml"
"yaml","130","README.html","yaml"
"yaml","131","README.html","yaml"
"yaml","132","README.html","yaml"
"yaml","133","README.html","yaml"
"yaml","134","README.html","yaml"
"yaml","135","README.html","yaml"
"yaml","136","README.html","yaml"
"yaml","137","README.html","yaml"
"yaml","138","README.html","yaml"
"yaml","139","README.html","yaml"
"yaml","140","README.html","yaml"
"yaml","141","README.html","yaml"
"yaml","142","README.html","yaml"
"yaml","143","README.html","yaml"
"yaml","144","README.html","yaml"
"yaml","145","README.html","yaml"
"yaml","146","README.html","yaml"
"yaml","147","README.html","yaml"
"yaml","148","README.html","yaml"
"yaml","149","README.html","yaml"
"yaml","150","README.html","yaml"
"yaml","151","README.html","yaml"
"yaml","152","README.html","yaml"
"yaml","153","README.html","yaml"
"yaml","154","README.html","yaml"
"yaml","155","README.html","yaml"
"yaml","156","README.html","yaml"
"yaml","157","README.html","yaml"
"yaml","158","README.html","yaml"
"yaml","159","README.html","yaml"
"yaml","160","README.html","yaml"
"yaml","161","README.html","yaml"
"yaml","162","README.html","yaml"
"yaml","163","README.html","yaml"
"yaml","164","README.html","yaml"
"yaml","165","README.html","yaml"
"yaml","166","README.html","yaml"
"yaml","167","README.html","yaml"
"yaml","168","README.html","yaml"
"yaml","169","README.html","yaml"
"yaml","170","README.html","yaml"
"yaml","171","README.html","yaml"
"yaml","172","README.html","yaml"
"yaml","173","README.html","yaml"
"yaml","174","README.html","yaml"
"yaml","175","README.html","yaml"
"yaml","176","README.html","yaml"
"yaml","177","README.html","yaml"
"yaml","178","README.html","yaml"
"yaml","179","README.html","yaml"
"yaml","180","README.html","yaml"
"yaml","181","README.html","yaml"
"yaml","182","README.html","yaml"
"yaml","183","README.html","yaml"
"yaml","184","README.html","yaml"
"yaml","185","README.html","yaml"
"yaml","186","README.html","yaml"
"yaml","187","README.html","yaml"
"yaml","188","README.html","yaml"
"yaml","189","README.html","yaml"
"yaml","190","README.html","yaml"
"yaml","191","README.html","yaml"
"yaml","192","README.html","yaml"
"yaml","193","README.html","yaml"
"yaml","194","README.html","yaml"
"yaml","195","README.html","yaml"
"yaml","196","README.html","yaml"
"yaml","197","README.html","yaml"
"yaml","198","README.html","yaml"
"yaml","199","README.html","yaml"
"yaml","200","README.html","yaml"
"yaml","201","README.html","yaml"
"yaml","202","README.html","yaml"
"yaml","203","README.html","yaml"
"yaml","204","README.html","yaml"
"yaml","205","README.html","yaml"
"yaml","206","README.html","yaml"
"yaml","207","README.html","yaml"
"yaml","208","README.html","yaml"
"yaml","209","README.html","yaml"
"yaml","210","README.html","yaml"
"yaml","211","README.html","yaml"
"yaml","212","README.html","yaml"
"yaml","213","README.html","yaml"
"yaml","214","README.html","yaml"
"yaml","215","README.html","yaml"
"yaml","216","README.html","yaml"
"yaml","217","README.html","yaml"
"yaml","218","README.html","yaml"
"yaml","219","README.html","yaml"
"yaml","220","README.html","yaml"
"yaml","221","README.html","yaml"
"yaml","222","README.html","yaml"
"yaml","223","README.html","yaml"
"yaml","224","README.html","yaml"
"yaml","225","README.html","yaml"
"yaml","226","README.html","yaml"
"yaml","227","README.html","yaml"
"yaml","228","README.html","yaml"
"yaml","229","README.html","yaml"
"yaml","230","README.html","yaml"
"yaml","231","README.html","yaml"
"yaml","232","README.html","yaml"
"yaml","233","README.html","yaml"
"yaml","234","README.html","yaml"
"yaml","235","README.html","yaml"
"yaml","236","README.html","yaml"
"yaml","237","README.html","yaml"
"yaml","238","README.html","yaml"
"yaml","239","README.html","yaml"
"yaml","240","README.html","yaml"
"yaml","241","README.html","yaml"
"yaml","242","README.html","yaml"
"yaml","243","README.html","yaml"
"yaml","244","README.html","yaml"
"yaml","245","README.html","yaml"
"yaml","246","README.html","yaml"
"yaml","247","README.html","yaml"
"yaml","248","README.html","yaml"
"yaml","249","README.html","yaml"
"yaml","250","README.html","yaml"
"yaml","251","README.html","yaml"
"yaml","252","README.html","yaml"
"yaml","253","README.html","yaml"
"yaml","254","README.html","yaml"
"yaml","255","README.html","yaml"
"yaml","256","README.html","yaml"
"yaml","257","README.html","yaml"
"yaml","258","README.html","yaml"
"yaml","259","README.html","yaml"
"yaml","260","README.html","yaml"
"yaml","261","README.html","yaml"
"yaml","262","README.html","yaml"
"yaml","263","README.html","yaml"
"yaml","264","README.html","yaml"
"yaml","265","README.html","yaml"
"yaml","266","README.html","yaml"
"yaml","267","README.html","yaml"
"yaml","268","README.html","yaml"
"yaml","269","README.html","yaml"
"yaml","270","README.html","yaml"
"yaml","271","README.html","yaml"
"yaml","272","README.html","yaml"
"yaml","273","README.html","yaml"
"yaml","274","README.html","yaml"
"yaml","275","README.html","yaml"
"yaml","276","README.html","yaml"
"yaml","277","README.html","yaml"
"yaml","278","README.html","yaml"
"yaml","279","README.html","yaml"
"yaml","280","README.html","yaml"
"yaml","281","README.html","yaml"
"yaml","282","README.html","yaml"
"yaml","283","README.html","yaml"
"yaml","284","README.html","yaml"
"yaml","285","README.html","yaml"
"yaml","286","README.html","yaml"
"yaml","287","README.html","yaml"
"yaml","288","README.html","yaml"
"yaml","289","README.html","yaml"
"yaml","290","README.html","yaml"
"yaml","291","README.html","yaml"
"yaml","292","README.html","yaml"
"yaml","293","README.html","yaml"
"yaml","294","README.html","yaml"
"yaml","295","README.html","yaml"
"yaml","296","README.html","yaml"
"yaml","297","README.html","yaml"
"yaml","298","README.html","yaml"
"yaml","299","README.html","yaml"
"yaml","300","README.html","yaml"
"yaml","301","README.html","yaml"
"yaml","302","README.html","yaml"
"yaml","303","README.html","yaml"
"yaml","304","README.html","yaml"
"yaml","305","README.html","yaml"
"yaml","306","README.html","yaml"
"yaml","307","README.html","yaml"
"yaml","308","README.html","yaml"
"yaml","309","README.html","yaml"
"yaml","310","README.html","yaml"
"yaml","311","README.html","yaml"
"yaml","312","README.html","yaml"
"yaml","313","README.html","yaml"
"yaml","314","README.html","yaml"
"yaml","315","README.html","yaml"
"yaml","316","README.html","yaml"
"yaml","317","README.html","yaml"
"yaml","318","README.html","yaml"
"yaml","319","README.html","yaml"
"yaml","320","README.html","yaml"
"yaml","321","README.html","yaml"
"yaml","322","README.html","yaml"
"yaml","323","README.html","yaml"
"yaml","324","README.html","yaml"
"yaml","325","README.html","yaml"
"yaml","326","README.html","yaml"
"yaml","327","README.html","yaml"
"yaml","328","README.html","yaml"
"yaml","329","README.html","yaml"
"yaml","330","README.html","yaml"
"yaml","331","README.html","yaml"
"yaml","332","README.html","yaml"
"yaml","333","README.html","yaml"
"yaml","334","README.html","yaml"
"yaml","335","README.html","yaml"
"yaml","336","README.html","yaml"
"yaml","337","README.html","yaml"
"yaml","338","README.html","yaml"
"yaml","339","README.html","yaml"
"yaml","340","README.html","yaml"
"yaml","341","README.html","yaml"
"yaml","342","README.html","yaml"
"yaml","343","README.html","yaml"
"yaml","344","README.html","yaml"
"yaml","345","README.html","yaml"
"yaml","346","README.html","yaml"
"yaml","347","README.html","yaml"
"yaml","348","README.html","yaml"
"yaml","349","README.html","yaml"
"yaml","350","README.html","yaml"
"yaml","351","README.html","yaml"
"yaml","352","README.html","yaml"
"yaml","353","README.html","yaml"
"yaml","354","README.html","yaml"
"yaml","355","README.html","yaml"
"yaml","356","README.html","yaml"
"yaml","357","README.html","yaml"
"yaml","358","README.html","yaml"
"yaml","359","README.html","yaml"
"yaml","360","README.html","yaml"
"yaml","361","README.html","yaml"
"yaml","362","README.html","yaml"
"yaml","363","README.html","yaml"
"yaml","364","README.html","yaml"
"yaml","365","README.html","yaml"
"yaml","366","README.html","yaml"
"yaml","367","README.html","yaml"
"yaml","368","README.html","yaml"
"yaml","369","README.html","yaml"
"yaml","370","README.html","yaml"
"yaml","371","README.html","yaml"
"yaml","372","README.html","yaml"
"yaml","373","README.html","yaml"
"yaml","374","README.html","yaml"
"yaml","375","README.html","yaml"
"yaml","376","README.html","yaml"
"yaml","377","README.html","yaml"
"yaml","378","README.html","yaml"
"yaml","379","README.html","yaml"
"yaml","380","README.html","yaml"
"yaml","381","README.html","yaml"
"yaml","382","README.html","yaml"
"yaml","383","README.html","yaml"
"yaml","384","README.html","yaml"
"yaml","385","README.html","yaml"
"yaml","386","README.html","yaml"
"yaml","387","README.html","yaml"
"yaml","388","README.html","yaml"
"yaml","389","README.html","yaml"
"yaml","390","README.html","yaml"
"yaml","391","README.html","yaml"
"yaml","392","README.html","yaml"
"yaml","393","README.html","yaml"
"yaml","394","README.html","yaml"
"yaml","395","README.html","yaml"
"yaml","396","README.html","yaml"
"yaml","397","README.html","yaml"
"yaml","398","README.html","yaml"
"yaml","399","README.html","yaml"
"yaml","400","README.html","yaml"
"yaml","401","README.html","yaml"
"yaml","402","README.html","yaml"
"yaml","403","README.html","yaml"
"yaml","404","README.html","yaml"
"yaml","405","README.html","yaml"
"yaml","406","README.html","yaml"
"yaml","407","README.html","yaml"
"yaml","408","README.html","yaml"
"yaml","409","README.html","yaml"
"yaml","410","README.html","yaml"
"yaml","411","README.html","yaml"
"yaml","412","README.html","yaml"
"yaml","413","README.html","yaml"
"yaml","414","README.html","yaml"
"yaml","415","README.html","yaml"
"yaml","416","README.html","yaml"
"yaml","417","README.html","yaml"
"yaml","418","README.html","yaml"
"yaml","419","README.html","yaml"
"yaml","420","README.html","yaml"
"yaml","421","README.html","yaml"
"yaml","422","README.html","yaml"
"yaml","423","README.html","yaml"
"yaml","424","README.html","yaml"
"yaml","425","README.html","yaml"
"yaml","426","README.html","yaml"
"yaml","427","README.html","yaml"
"yaml","428","README.html","yaml"
"yaml","429","README.html","yaml"
"yaml","430","README.html","yaml"
"yaml","431","README.html","yaml"
"yaml","432","README.html","yaml"
"yaml","433","README.html","yaml"
"yaml","434","README.html","yaml"
"yaml","435","README.html","yaml"
"yaml","436","README.html","yaml"
"yaml","437","README.html","yaml"
"yaml","438","README.html","yaml"
"yaml","439","README.html","yaml"
"yaml","440","README.html","yaml"
"yaml","441","README.html","yaml"
"yaml","442","README.html","yaml"
"yaml","443","README.html","yaml"
"yaml","444","README.html","yaml"
"yaml","445","README.html","yaml"
"yaml","446","README.html","yaml"
"yaml","447","README.html","yaml"
"yaml","448","README.html","yaml"
"yaml","449","README.html","yaml"
"yaml","450","README.html","yaml"
"yaml","451","README.html","yaml"
"yaml","452","README.html","yaml"
"yaml","453","README.html","yaml"
"yaml","454","README.html","yaml"
"yaml","455","README.html","yaml"
"yaml","456","README.html","yaml"
"yaml","457","README.html","yaml"
"yaml","458","README.html","yaml"
"yaml","459","README.html","yaml"
"yaml","460","README.html","yaml"
"yaml","461","README.html","yaml"
"yaml","462","README.html","yaml"
"yaml","463","README.html","yaml"
"yaml","1","custom-readers.html","yaml"
"yaml","2","custom-readers.html","yaml"
"yaml","3","custom-readers.html","yaml"
"yaml","4","custom-readers.html","yaml"
"yaml","5","custom-readers.html","yaml"
"yaml","6","custom-readers.html","yaml"
"yaml","7","custom-readers.html","yaml"
"yaml","8","custom-readers.html","yaml"
"yaml","9","custom-readers.html","yaml"
"yaml","10","custom-readers.html","yaml"
"yaml","11","custom-readers.html","yaml"
"yaml","12","custom-readers.html","yaml"
"yaml","13","custom-readers.html","yaml"
"yaml","14","custom-readers.html","yaml"
"yaml","1","custom-writers.html","yaml"
"yaml","2","custom-writers.html","yaml"
"yaml","3","custom-writers.html","yaml"
"yaml","4","custom-writers.html","yaml"
"yaml","5","custom-writers.html","yaml"
"yaml","6","custom-writers.html","yaml"
"yaml","7","custom-writers.html","yaml"
"yaml","8","custom-writers.html","yaml"
"yaml","9","custom-writers.html","yaml"
"yaml","1","demos.html","yaml"
"yaml","2","demos.html","yaml"
"yaml","3","demos.html","yaml"
"yaml","4","demos.html","yaml"
"yaml","5","demos.html","yaml"
"yaml","6","demos.html","yaml"
"yaml","7","demos.html","yaml"
"yaml","8","demos.html","yaml"
"yaml","9","demos.html","yaml"
"yaml","10","demos.html","yaml"
"yaml","11","demos.html","yaml"
"yaml","12","demos.html","yaml"
"yaml","13","demos.html","yaml"
"yaml","14","demos.html","yaml"
"yaml","15","demos.html","yaml"
"yaml","16","demos.html","yaml"
"yaml","17","demos.html","yaml"
"yaml","18","demos.html","yaml"
"yaml","19","demos.html","yaml"
"yaml","20","demos.html","yaml"
"yaml","21","demos.html","yaml"
"yaml","22","demos.html","yaml"
"yaml","23","demos.html","yaml"
"yaml","24","demos.html","yaml"
"yaml","25","demos.html","yaml"
"yaml","26","demos.html","yaml"
"yaml","27","demos.html","yaml"
"yaml","28","demos.html","yaml"
"yaml","29","demos.html","yaml"
"yaml","30","demos.html","yaml"
"yaml","31","demos.html","yaml"
"yaml","32","demos.html","yaml"
"yaml","33","demos.html","yaml"
"yaml","34","demos.html","yaml"
"yaml","35","demos.html","yaml"
"yaml","36","demos.html","yaml"
"yaml","37","demos.html","yaml"
"yaml","38","demos.html","yaml"
"yaml","39","demos.html","yaml"
"yaml","40","demos.html","yaml"
"yaml","41","demos.html","yaml"
"yaml","42","demos.html","yaml"
"yaml","43","demos.html","yaml"
"yaml","44","demos.html","yaml"
"yaml","45","demos.html","yaml"
"yaml","46","demos.html","yaml"
"yaml","47","demos.html","yaml"
"yaml","48","demos.html","yaml"
"yaml","49","demos.html","yaml"
"yaml","50","demos.html","yaml"
"yaml","51","demos.html","yaml"
"yaml","52","demos.html","yaml"
"yaml","53","demos.html","yaml"
"yaml","1","epub.html","yaml"
"yaml","2","epub.html","yaml"
"yaml","3","epub.html","yaml"
"yaml","4","epub.html","yaml"
"yaml","5","epub.html","yaml"
"yaml","6","epub.html","yaml"
"yaml","7","epub.html","yaml"
"yaml","8","epub.html","yaml"
"yaml","9","epub.html","yaml"
"yaml","10","epub.html","yaml"
"yaml","1","faqs.html","yaml"
"yaml","2","faqs.html","yaml"
"yaml","3","faqs.html","yaml"
"yaml","4","faqs.html","yaml"
"yaml","5","faqs.html","yaml"
"yaml","6","faqs.html","yaml"
"yaml","7","faqs.html","yaml"
"yaml","8","faqs.html","yaml"
"yaml","9","faqs.html","yaml"
"yaml","10","faqs.html","yaml"
"yaml","11","faqs.html","yaml"
"yaml","12","faqs.html","yaml"
"yaml","13","faqs.html","yaml"
"yaml","14","faqs.html","yaml"
"yaml","15","faqs.html","yaml"
"yaml","16","faqs.html","yaml"
"yaml","17","faqs.html","yaml"
"yaml","1","filters.html","yaml"
"yaml","2","filters.html","yaml"
"yaml","3","filters.html","yaml"
"yaml","4","filters.html","yaml"
"yaml","5","filters.html","yaml"
"yaml","6","filters.html","yaml"
"yaml","7","filters.html","yaml"
"yaml","8","filters.html","yaml"
"yaml","9","filters.html","yaml"
"yaml","10","filters.html","yaml"
"yaml","11","filters.html","yaml"
"yaml","12","filters.html","yaml"
"yaml","13","filters.html","yaml"
"yaml","14","filters.html","yaml"
"yaml","15","filters.html","yaml"
"yaml","16","filters.html","yaml"
"yaml","17","filters.html","yaml"
"yaml","18","filters.html","yaml"
"yaml","19","filters.html","yaml"
"yaml","20","filters.html","yaml"
"yaml","21","filters.html","yaml"
"yaml","22","filters.html","yaml"
"yaml","23","filters.html","yaml"
"yaml","24","filters.html","yaml"
"yaml","25","filters.html","yaml"
"yaml","1","getting-started.html","yaml"
"yaml","2","getting-started.html","yaml"
"yaml","3","getting-started.html","yaml"
"yaml","4","getting-started.html","yaml"
"yaml","5","getting-started.html","yaml"
"yaml","6","getting-started.html","yaml"
"yaml","7","getting-started.html","yaml"
"yaml","8","getting-started.html","yaml"
"yaml","9","getting-started.html","yaml"
"yaml","10","getting-started.html","yaml"
"yaml","11","getting-started.html","yaml"
"yaml","12","getting-started.html","yaml"
"yaml","13","getting-started.html","yaml"
"yaml","14","getting-started.html","yaml"
"yaml","15","getting-started.html","yaml"
"yaml","16","getting-started.html","yaml"
"yaml","17","getting-started.html","yaml"
"yaml","18","getting-started.html","yaml"
"yaml","19","getting-started.html","yaml"
"yaml","20","getting-started.html","yaml"
"yaml","21","getting-started.html","yaml"
"yaml","22","getting-started.html","yaml"
"yaml","23","getting-started.html","yaml"
"yaml","24","getting-started.html","yaml"
"yaml","25","getting-started.html","yaml"
"yaml","26","getting-started.html","yaml"
"yaml","27","getting-started.html","yaml"
"yaml","28","getting-started.html","yaml"
"yaml","29","getting-started.html","yaml"
"yaml","1","installing.html","yaml"
"yaml","2","installing.html","yaml"
"yaml","3","installing.html","yaml"
"yaml","4","installing.html","yaml"
"yaml","5","installing.html","yaml"
"yaml","6","installing.html","yaml"
"yaml","7","installing.html","yaml"
"yaml","8","installing.html","yaml"
"yaml","9","installing.html","yaml"
"yaml","10","installing.html","yaml"
"yaml","11","installing.html","yaml"
"yaml","12","installing.html","yaml"
"yaml","13","installing.html","yaml"
"yaml","14","installing.html","yaml"
"yaml","15","installing.html","yaml"
"yaml","16","installing.html","yaml"
"yaml","17","installing.html","yaml"
"yaml","18","installing.html","yaml"
"yaml","19","installing.html","yaml"
"yaml","20","installing.html","yaml"
"yaml","21","installing.html","yaml"
"yaml","22","installing.html","yaml"
"yaml","23","installing.html","yaml"
"yaml","24","installing.html","yaml"
"yaml","25","installing.html","yaml"
"yaml","26","installing.html","yaml"
"yaml","27","installing.html","yaml"
"yaml","28","installing.html","yaml"
"yaml","1","lua-filters.html","yaml"
"yaml","2","lua-filters.html","yaml"
"yaml","3","lua-filters.html","yaml"
"yaml","4","lua-filters.html","yaml"
"yaml","5","lua-filters.html","yaml"
"yaml","6","lua-filters.html","yaml"
"yaml","7","lua-filters.html","yaml"
"yaml","8","lua-filters.html","yaml"
"yaml","9","lua-filters.html","yaml"
"yaml","10","lua-filters.html","yaml"
"yaml","11","lua-filters.html","yaml"
"yaml","12","lua-filters.html","yaml"
"yaml","13","lua-filters.html","yaml"
"yaml","14","lua-filters.html","yaml"
"yaml","15","lua-filters.html","yaml"
"yaml","16","lua-filters.html","yaml"
"yaml","17","lua-filters.html","yaml"
"yaml","18","lua-filters.html","yaml"
"yaml","19","lua-filters.html","yaml"
"yaml","20","lua-filters.html","yaml"
"yaml","21","lua-filters.html","yaml"
"yaml","22","lua-filters.html","yaml"
"yaml","23","lua-filters.html","yaml"
"yaml","24","lua-filters.html","yaml"
"yaml","25","lua-filters.html","yaml"
"yaml","26","lua-filters.html","yaml"
"yaml","27","lua-filters.html","yaml"
"yaml","28","lua-filters.html","yaml"
"yaml","29","lua-filters.html","yaml"
"yaml","30","lua-filters.html","yaml"
"yaml","31","lua-filters.html","yaml"
"yaml","32","lua-filters.html","yaml"
"yaml","33","lua-filters.html","yaml"
"yaml","34","lua-filters.html","yaml"
"yaml","35","lua-filters.html","yaml"
"yaml","36","lua-filters.html","yaml"
"yaml","37","lua-filters.html","yaml"
"yaml","38","lua-filters.html","yaml"
"yaml","39","lua-filters.html","yaml"
"yaml","40","lua-filters.html","yaml"
"yaml","41","lua-filters.html","yaml"
"yaml","42","lua-filters.html","yaml"
"yaml","43","lua-filters.html","yaml"
"yaml","44","lua-filters.html","yaml"
"yaml","45","lua-filters.html","yaml"
"yaml","46","lua-filters.html","yaml"
"yaml","47","lua-filters.html","yaml"
"yaml","48","lua-filters.html","yaml"
"yaml","49","lua-filters.html","yaml"
"yaml","50","lua-filters.html","yaml"
"yaml","51","lua-filters.html","yaml"
"yaml","52","lua-filters.html","yaml"
"yaml","53","lua-filters.html","yaml"
"yaml","54","lua-filters.html","yaml"
"yaml","55","lua-filters.html","yaml"
"yaml","56","lua-filters.html","yaml"
"yaml","57","lua-filters.html","yaml"
"yaml","58","lua-filters.html","yaml"
"yaml","59","lua-filters.html","yaml"
"yaml","1","manual-)2.1-using-pandoc.html","yaml"
"yaml","2","manual-)2.1-using-pandoc.html","yaml"
"yaml","1","manual-)2.2-specifying-formats.html","yaml"
"yaml","2","manual-)2.2-specifying-formats.html","yaml"
"yaml","3","manual-)2.2-specifying-formats.html","yaml"
"yaml","1","manual-)2.3-character-encoding.html","yaml"
"yaml","1","manual-)2.4-creating-a-pdf.html","yaml"
"yaml","1","manual-)2.5-reading-from-the-web.html","yaml"
"yaml","2","manual-)2.5-reading-from-the-web.html","yaml"
"yaml","1","manual-)3.1-general-options.html","yaml"
"yaml","1","manual-)3.2-reader-options.html","yaml"
"yaml","2","manual-)3.2-reader-options.html","yaml"
"yaml","1","manual-)3.4-options-affecting-specific-writers.html","yaml"
"yaml","2","manual-)3.4-options-affecting-specific-writers.html","yaml"
"yaml","1","manual-)3.6-math-rendering-in-html.html","yaml"
"yaml","1","manual-)3.7-options-for-wrapper-scripts.html","yaml"
"yaml","2","manual-)3.7-options-for-wrapper-scripts.html","yaml"
"yaml","1","manual-)5-defaults-files.html","yaml"
"yaml","2","manual-)5-defaults-files.html","yaml"
"yaml","3","manual-)5-defaults-files.html","yaml"
"yaml","4","manual-)5-defaults-files.html","yaml"
"yaml","5","manual-)5-defaults-files.html","yaml"
"yaml","6","manual-)5-defaults-files.html","yaml"
"yaml","7","manual-)5-defaults-files.html","yaml"
"yaml","1","manual-)5.1-general-options-1.html","yaml"
"yaml","2","manual-)5.1-general-options-1.html","yaml"
"yaml","3","manual-)5.1-general-options-1.html","yaml"
"yaml","4","manual-)5.1-general-options-1.html","yaml"
"yaml","5","manual-)5.1-general-options-1.html","yaml"
"yaml","6","manual-)5.1-general-options-1.html","yaml"
"yaml","7","manual-)5.1-general-options-1.html","yaml"
"yaml","8","manual-)5.1-general-options-1.html","yaml"
"yaml","9","manual-)5.1-general-options-1.html","yaml"
"yaml","10","manual-)5.1-general-options-1.html","yaml"
"yaml","11","manual-)5.1-general-options-1.html","yaml"
"yaml","12","manual-)5.1-general-options-1.html","yaml"
"yaml","13","manual-)5.1-general-options-1.html","yaml"
"yaml","14","manual-)5.1-general-options-1.html","yaml"
"yaml","15","manual-)5.1-general-options-1.html","yaml"
"yaml","16","manual-)5.1-general-options-1.html","yaml"
"yaml","17","manual-)5.1-general-options-1.html","yaml"
"yaml","18","manual-)5.1-general-options-1.html","yaml"
"yaml","19","manual-)5.1-general-options-1.html","yaml"
"yaml","20","manual-)5.1-general-options-1.html","yaml"
"yaml","21","manual-)5.1-general-options-1.html","yaml"
"yaml","22","manual-)5.1-general-options-1.html","yaml"
"yaml","23","manual-)5.1-general-options-1.html","yaml"
"yaml","24","manual-)5.1-general-options-1.html","yaml"
"yaml","1","manual-)5.2-reader-options-1.html","yaml"
"yaml","2","manual-)5.2-reader-options-1.html","yaml"
"yaml","3","manual-)5.2-reader-options-1.html","yaml"
"yaml","4","manual-)5.2-reader-options-1.html","yaml"
"yaml","5","manual-)5.2-reader-options-1.html","yaml"
"yaml","6","manual-)5.2-reader-options-1.html","yaml"
"yaml","7","manual-)5.2-reader-options-1.html","yaml"
"yaml","8","manual-)5.2-reader-options-1.html","yaml"
"yaml","9","manual-)5.2-reader-options-1.html","yaml"
"yaml","10","manual-)5.2-reader-options-1.html","yaml"
"yaml","11","manual-)5.2-reader-options-1.html","yaml"
"yaml","12","manual-)5.2-reader-options-1.html","yaml"
"yaml","13","manual-)5.2-reader-options-1.html","yaml"
"yaml","14","manual-)5.2-reader-options-1.html","yaml"
"yaml","15","manual-)5.2-reader-options-1.html","yaml"
"yaml","16","manual-)5.2-reader-options-1.html","yaml"
"yaml","17","manual-)5.2-reader-options-1.html","yaml"
"yaml","18","manual-)5.2-reader-options-1.html","yaml"
"yaml","19","manual-)5.2-reader-options-1.html","yaml"
"yaml","20","manual-)5.2-reader-options-1.html","yaml"
"yaml","21","manual-)5.2-reader-options-1.html","yaml"
"yaml","22","manual-)5.2-reader-options-1.html","yaml"
"yaml","23","manual-)5.2-reader-options-1.html","yaml"
"yaml","24","manual-)5.2-reader-options-1.html","yaml"
"yaml","25","manual-)5.2-reader-options-1.html","yaml"
"yaml","26","manual-)5.2-reader-options-1.html","yaml"
"yaml","27","manual-)5.2-reader-options-1.html","yaml"
"yaml","1","manual-)5.3-general-writer-options-1.html","yaml"
"yaml","2","manual-)5.3-general-writer-options-1.html","yaml"
"yaml","3","manual-)5.3-general-writer-options-1.html","yaml"
"yaml","4","manual-)5.3-general-writer-options-1.html","yaml"
"yaml","5","manual-)5.3-general-writer-options-1.html","yaml"
"yaml","6","manual-)5.3-general-writer-options-1.html","yaml"
"yaml","7","manual-)5.3-general-writer-options-1.html","yaml"
"yaml","8","manual-)5.3-general-writer-options-1.html","yaml"
"yaml","9","manual-)5.3-general-writer-options-1.html","yaml"
"yaml","10","manual-)5.3-general-writer-options-1.html","yaml"
"yaml","11","manual-)5.3-general-writer-options-1.html","yaml"
"yaml","12","manual-)5.3-general-writer-options-1.html","yaml"
"yaml","13","manual-)5.3-general-writer-options-1.html","yaml"
"yaml","14","manual-)5.3-general-writer-options-1.html","yaml"
"yaml","15","manual-)5.3-general-writer-options-1.html","yaml"
"yaml","16","manual-)5.3-general-writer-options-1.html","yaml"
"yaml","17","manual-)5.3-general-writer-options-1.html","yaml"
"yaml","18","manual-)5.3-general-writer-options-1.html","yaml"
"yaml","19","manual-)5.3-general-writer-options-1.html","yaml"
"yaml","20","manual-)5.3-general-writer-options-1.html","yaml"
"yaml","21","manual-)5.3-general-writer-options-1.html","yaml"
"yaml","22","manual-)5.3-general-writer-options-1.html","yaml"
"yaml","23","manual-)5.3-general-writer-options-1.html","yaml"
"yaml","24","manual-)5.3-general-writer-options-1.html","yaml"
"yaml","25","manual-)5.3-general-writer-options-1.html","yaml"
"yaml","26","manual-)5.3-general-writer-options-1.html","yaml"
"yaml","27","manual-)5.3-general-writer-options-1.html","yaml"
"yaml","28","manual-)5.3-general-writer-options-1.html","yaml"
"yaml","29","manual-)5.3-general-writer-options-1.html","yaml"
"yaml","30","manual-)5.3-general-writer-options-1.html","yaml"
"yaml","31","manual-)5.3-general-writer-options-1.html","yaml"
"yaml","32","manual-)5.3-general-writer-options-1.html","yaml"
"yaml","33","manual-)5.3-general-writer-options-1.html","yaml"
"yaml","34","manual-)5.3-general-writer-options-1.html","yaml"
"yaml","35","manual-)5.3-general-writer-options-1.html","yaml"
"yaml","36","manual-)5.3-general-writer-options-1.html","yaml"
"yaml","37","manual-)5.3-general-writer-options-1.html","yaml"
"yaml","38","manual-)5.3-general-writer-options-1.html","yaml"
"yaml","39","manual-)5.3-general-writer-options-1.html","yaml"
"yaml","40","manual-)5.3-general-writer-options-1.html","yaml"
"yaml","41","manual-)5.3-general-writer-options-1.html","yaml"
"yaml","1","manual-)5.4-options-affecting-specific-writers-1.html","yaml"
"yaml","2","manual-)5.4-options-affecting-specific-writers-1.html","yaml"
"yaml","3","manual-)5.4-options-affecting-specific-writers-1.html","yaml"
"yaml","4","manual-)5.4-options-affecting-specific-writers-1.html","yaml"
"yaml","5","manual-)5.4-options-affecting-specific-writers-1.html","yaml"
"yaml","6","manual-)5.4-options-affecting-specific-writers-1.html","yaml"
"yaml","7","manual-)5.4-options-affecting-specific-writers-1.html","yaml"
"yaml","8","manual-)5.4-options-affecting-specific-writers-1.html","yaml"
"yaml","9","manual-)5.4-options-affecting-specific-writers-1.html","yaml"
"yaml","10","manual-)5.4-options-affecting-specific-writers-1.html","yaml"
"yaml","11","manual-)5.4-options-affecting-specific-writers-1.html","yaml"
"yaml","12","manual-)5.4-options-affecting-specific-writers-1.html","yaml"
"yaml","13","manual-)5.4-options-affecting-specific-writers-1.html","yaml"
"yaml","14","manual-)5.4-options-affecting-specific-writers-1.html","yaml"
"yaml","15","manual-)5.4-options-affecting-specific-writers-1.html","yaml"
"yaml","16","manual-)5.4-options-affecting-specific-writers-1.html","yaml"
"yaml","17","manual-)5.4-options-affecting-specific-writers-1.html","yaml"
"yaml","18","manual-)5.4-options-affecting-specific-writers-1.html","yaml"
"yaml","19","manual-)5.4-options-affecting-specific-writers-1.html","yaml"
"yaml","20","manual-)5.4-options-affecting-specific-writers-1.html","yaml"
"yaml","21","manual-)5.4-options-affecting-specific-writers-1.html","yaml"
"yaml","22","manual-)5.4-options-affecting-specific-writers-1.html","yaml"
"yaml","23","manual-)5.4-options-affecting-specific-writers-1.html","yaml"
"yaml","24","manual-)5.4-options-affecting-specific-writers-1.html","yaml"
"yaml","25","manual-)5.4-options-affecting-specific-writers-1.html","yaml"
"yaml","26","manual-)5.4-options-affecting-specific-writers-1.html","yaml"
"yaml","27","manual-)5.4-options-affecting-specific-writers-1.html","yaml"
"yaml","28","manual-)5.4-options-affecting-specific-writers-1.html","yaml"
"yaml","29","manual-)5.4-options-affecting-specific-writers-1.html","yaml"
"yaml","30","manual-)5.4-options-affecting-specific-writers-1.html","yaml"
"yaml","31","manual-)5.4-options-affecting-specific-writers-1.html","yaml"
"yaml","32","manual-)5.4-options-affecting-specific-writers-1.html","yaml"
"yaml","33","manual-)5.4-options-affecting-specific-writers-1.html","yaml"
"yaml","34","manual-)5.4-options-affecting-specific-writers-1.html","yaml"
"yaml","35","manual-)5.4-options-affecting-specific-writers-1.html","yaml"
"yaml","36","manual-)5.4-options-affecting-specific-writers-1.html","yaml"
"yaml","37","manual-)5.4-options-affecting-specific-writers-1.html","yaml"
"yaml","38","manual-)5.4-options-affecting-specific-writers-1.html","yaml"
"yaml","39","manual-)5.4-options-affecting-specific-writers-1.html","yaml"
"yaml","40","manual-)5.4-options-affecting-specific-writers-1.html","yaml"
"yaml","41","manual-)5.4-options-affecting-specific-writers-1.html","yaml"
"yaml","42","manual-)5.4-options-affecting-specific-writers-1.html","yaml"
"yaml","43","manual-)5.4-options-affecting-specific-writers-1.html","yaml"
"yaml","44","manual-)5.4-options-affecting-specific-writers-1.html","yaml"
"yaml","45","manual-)5.4-options-affecting-specific-writers-1.html","yaml"
"yaml","46","manual-)5.4-options-affecting-specific-writers-1.html","yaml"
"yaml","47","manual-)5.4-options-affecting-specific-writers-1.html","yaml"
"yaml","48","manual-)5.4-options-affecting-specific-writers-1.html","yaml"
"yaml","49","manual-)5.4-options-affecting-specific-writers-1.html","yaml"
"yaml","50","manual-)5.4-options-affecting-specific-writers-1.html","yaml"
"yaml","51","manual-)5.4-options-affecting-specific-writers-1.html","yaml"
"yaml","52","manual-)5.4-options-affecting-specific-writers-1.html","yaml"
"yaml","53","manual-)5.4-options-affecting-specific-writers-1.html","yaml"
"yaml","54","manual-)5.4-options-affecting-specific-writers-1.html","yaml"
"yaml","55","manual-)5.4-options-affecting-specific-writers-1.html","yaml"
"yaml","56","manual-)5.4-options-affecting-specific-writers-1.html","yaml"
"yaml","57","manual-)5.4-options-affecting-specific-writers-1.html","yaml"
"yaml","58","manual-)5.4-options-affecting-specific-writers-1.html","yaml"
"yaml","59","manual-)5.4-options-affecting-specific-writers-1.html","yaml"
"yaml","60","manual-)5.4-options-affecting-specific-writers-1.html","yaml"
"yaml","61","manual-)5.4-options-affecting-specific-writers-1.html","yaml"
"yaml","62","manual-)5.4-options-affecting-specific-writers-1.html","yaml"
"yaml","63","manual-)5.4-options-affecting-specific-writers-1.html","yaml"
"yaml","64","manual-)5.4-options-affecting-specific-writers-1.html","yaml"
"yaml","65","manual-)5.4-options-affecting-specific-writers-1.html","yaml"
"yaml","66","manual-)5.4-options-affecting-specific-writers-1.html","yaml"
"yaml","67","manual-)5.4-options-affecting-specific-writers-1.html","yaml"
"yaml","68","manual-)5.4-options-affecting-specific-writers-1.html","yaml"
"yaml","69","manual-)5.4-options-affecting-specific-writers-1.html","yaml"
"yaml","70","manual-)5.4-options-affecting-specific-writers-1.html","yaml"
"yaml","71","manual-)5.4-options-affecting-specific-writers-1.html","yaml"
"yaml","72","manual-)5.4-options-affecting-specific-writers-1.html","yaml"
"yaml","73","manual-)5.4-options-affecting-specific-writers-1.html","yaml"
"yaml","1","manual-)5.5-citation-rendering-1.html","yaml"
"yaml","2","manual-)5.5-citation-rendering-1.html","yaml"
"yaml","3","manual-)5.5-citation-rendering-1.html","yaml"
"yaml","4","manual-)5.5-citation-rendering-1.html","yaml"
"yaml","5","manual-)5.5-citation-rendering-1.html","yaml"
"yaml","6","manual-)5.5-citation-rendering-1.html","yaml"
"yaml","7","manual-)5.5-citation-rendering-1.html","yaml"
"yaml","8","manual-)5.5-citation-rendering-1.html","yaml"
"yaml","9","manual-)5.5-citation-rendering-1.html","yaml"
"yaml","10","manual-)5.5-citation-rendering-1.html","yaml"
"yaml","11","manual-)5.5-citation-rendering-1.html","yaml"
"yaml","12","manual-)5.5-citation-rendering-1.html","yaml"
"yaml","1","manual-)5.6-math-rendering-in-html-1.html","yaml"
"yaml","2","manual-)5.6-math-rendering-in-html-1.html","yaml"
"yaml","3","manual-)5.6-math-rendering-in-html-1.html","yaml"
"yaml","4","manual-)5.6-math-rendering-in-html-1.html","yaml"
"yaml","5","manual-)5.6-math-rendering-in-html-1.html","yaml"
"yaml","6","manual-)5.6-math-rendering-in-html-1.html","yaml"
"yaml","7","manual-)5.6-math-rendering-in-html-1.html","yaml"
"yaml","8","manual-)5.6-math-rendering-in-html-1.html","yaml"
"yaml","9","manual-)5.6-math-rendering-in-html-1.html","yaml"
"yaml","10","manual-)5.6-math-rendering-in-html-1.html","yaml"
"yaml","1","manual-)5.7-options-for-wrapper-scripts-1.html","yaml"
"yaml","2","manual-)5.7-options-for-wrapper-scripts-1.html","yaml"
"yaml","3","manual-)5.7-options-for-wrapper-scripts-1.html","yaml"
"yaml","4","manual-)5.7-options-for-wrapper-scripts-1.html","yaml"
"yaml","1","manual-)6-templates.html","yaml"
"yaml","1","manual-)6.1-template-syntax.html","yaml"
"yaml","2","manual-)6.1-template-syntax.html","yaml"
"yaml","3","manual-)6.1-template-syntax.html","yaml"
"yaml","4","manual-)6.1-template-syntax.html","yaml"
"yaml","5","manual-)6.1-template-syntax.html","yaml"
"yaml","6","manual-)6.1-template-syntax.html","yaml"
"yaml","7","manual-)6.1-template-syntax.html","yaml"
"yaml","8","manual-)6.1-template-syntax.html","yaml"
"yaml","9","manual-)6.1-template-syntax.html","yaml"
"yaml","10","manual-)6.1-template-syntax.html","yaml"
"yaml","11","manual-)6.1-template-syntax.html","yaml"
"yaml","12","manual-)6.1-template-syntax.html","yaml"
"yaml","13","manual-)6.1-template-syntax.html","yaml"
"yaml","14","manual-)6.1-template-syntax.html","yaml"
"yaml","15","manual-)6.1-template-syntax.html","yaml"
"yaml","16","manual-)6.1-template-syntax.html","yaml"
"yaml","17","manual-)6.1-template-syntax.html","yaml"
"yaml","18","manual-)6.1-template-syntax.html","yaml"
"yaml","19","manual-)6.1-template-syntax.html","yaml"
"yaml","1","manual-)6.2-variables.html","yaml"
"yaml","2","manual-)6.2-variables.html","yaml"
"yaml","3","manual-)6.2-variables.html","yaml"
"yaml","4","manual-)6.2-variables.html","yaml"
"yaml","5","manual-)6.2-variables.html","yaml"
"yaml","6","manual-)6.2-variables.html","yaml"
"yaml","7","manual-)6.2-variables.html","yaml"
"yaml","8","manual-)6.2-variables.html","yaml"
"yaml","9","manual-)6.2-variables.html","yaml"
"yaml","10","manual-)6.2-variables.html","yaml"
"yaml","11","manual-)6.2-variables.html","yaml"
"yaml","12","manual-)6.2-variables.html","yaml"
"yaml","13","manual-)6.2-variables.html","yaml"
"yaml","1","manual-)7.2-headings-and-sections.html","yaml"
"yaml","1","manual-)7.5-literate-haskell-support.html","yaml"
"yaml","2","manual-)7.5-literate-haskell-support.html","yaml"
"yaml","1","manual-)8.3-headings.html","yaml"
"yaml","2","manual-)8.3-headings.html","yaml"
"yaml","3","manual-)8.3-headings.html","yaml"
"yaml","4","manual-)8.3-headings.html","yaml"
"yaml","5","manual-)8.3-headings.html","yaml"
"yaml","6","manual-)8.3-headings.html","yaml"
"yaml","7","manual-)8.3-headings.html","yaml"
"yaml","8","manual-)8.3-headings.html","yaml"
"yaml","9","manual-)8.3-headings.html","yaml"
"yaml","10","manual-)8.3-headings.html","yaml"
"yaml","11","manual-)8.3-headings.html","yaml"
"yaml","12","manual-)8.3-headings.html","yaml"
"yaml","13","manual-)8.3-headings.html","yaml"
"yaml","14","manual-)8.3-headings.html","yaml"
"yaml","1","manual-)8.4-block-quotations.html","yaml"
"yaml","2","manual-)8.4-block-quotations.html","yaml"
"yaml","3","manual-)8.4-block-quotations.html","yaml"
"yaml","4","manual-)8.4-block-quotations.html","yaml"
"yaml","5","manual-)8.4-block-quotations.html","yaml"
"yaml","1","manual-)8.5-verbatim-code-blocks.html","yaml"
"yaml","2","manual-)8.5-verbatim-code-blocks.html","yaml"
"yaml","3","manual-)8.5-verbatim-code-blocks.html","yaml"
"yaml","4","manual-)8.5-verbatim-code-blocks.html","yaml"
"yaml","5","manual-)8.5-verbatim-code-blocks.html","yaml"
"yaml","6","manual-)8.5-verbatim-code-blocks.html","yaml"
"yaml","7","manual-)8.5-verbatim-code-blocks.html","yaml"
"yaml","8","manual-)8.5-verbatim-code-blocks.html","yaml"
"yaml","9","manual-)8.5-verbatim-code-blocks.html","yaml"
"yaml","1","manual-)8.6-line-blocks.html","yaml"
"yaml","2","manual-)8.6-line-blocks.html","yaml"
"yaml","1","manual-)8.7-lists.html","yaml"
"yaml","2","manual-)8.7-lists.html","yaml"
"yaml","3","manual-)8.7-lists.html","yaml"
"yaml","4","manual-)8.7-lists.html","yaml"
"yaml","5","manual-)8.7-lists.html","yaml"
"yaml","6","manual-)8.7-lists.html","yaml"
"yaml","7","manual-)8.7-lists.html","yaml"
"yaml","8","manual-)8.7-lists.html","yaml"
"yaml","9","manual-)8.7-lists.html","yaml"
"yaml","10","manual-)8.7-lists.html","yaml"
"yaml","11","manual-)8.7-lists.html","yaml"
"yaml","12","manual-)8.7-lists.html","yaml"
"yaml","13","manual-)8.7-lists.html","yaml"
"yaml","14","manual-)8.7-lists.html","yaml"
"yaml","15","manual-)8.7-lists.html","yaml"
"yaml","16","manual-)8.7-lists.html","yaml"
"yaml","17","manual-)8.7-lists.html","yaml"
"yaml","18","manual-)8.7-lists.html","yaml"
"yaml","19","manual-)8.7-lists.html","yaml"
"yaml","20","manual-)8.7-lists.html","yaml"
"yaml","21","manual-)8.7-lists.html","yaml"
"yaml","22","manual-)8.7-lists.html","yaml"
"yaml","23","manual-)8.7-lists.html","yaml"
"yaml","24","manual-)8.7-lists.html","yaml"
"yaml","25","manual-)8.7-lists.html","yaml"
"yaml","26","manual-)8.7-lists.html","yaml"
"yaml","27","manual-)8.7-lists.html","yaml"
"yaml","1","manual-)8.8-horizontal-rules.html","yaml"
"yaml","1","manual-)8.9-tables.html","yaml"
"yaml","2","manual-)8.9-tables.html","yaml"
"yaml","3","manual-)8.9-tables.html","yaml"
"yaml","4","manual-)8.9-tables.html","yaml"
"yaml","5","manual-)8.9-tables.html","yaml"
"yaml","6","manual-)8.9-tables.html","yaml"
"yaml","7","manual-)8.9-tables.html","yaml"
"yaml","8","manual-)8.9-tables.html","yaml"
"yaml","9","manual-)8.9-tables.html","yaml"
"yaml","10","manual-)8.9-tables.html","yaml"
"yaml","11","manual-)8.9-tables.html","yaml"
"yaml","12","manual-)8.9-tables.html","yaml"
"yaml","13","manual-)8.9-tables.html","yaml"
"yaml","1","manual-)8.10-metadata-blocks.html","yaml"
"yaml","2","manual-)8.10-metadata-blocks.html","yaml"
"yaml","3","manual-)8.10-metadata-blocks.html","yaml"
"yaml","4","manual-)8.10-metadata-blocks.html","yaml"
"yaml","5","manual-)8.10-metadata-blocks.html","yaml"
"yaml","6","manual-)8.10-metadata-blocks.html","yaml"
"yaml","7","manual-)8.10-metadata-blocks.html","yaml"
"yaml","8","manual-)8.10-metadata-blocks.html","yaml"
"yaml","9","manual-)8.10-metadata-blocks.html","yaml"
"yaml","10","manual-)8.10-metadata-blocks.html","yaml"
"yaml","11","manual-)8.10-metadata-blocks.html","yaml"
"yaml","12","manual-)8.10-metadata-blocks.html","yaml"
"yaml","13","manual-)8.10-metadata-blocks.html","yaml"
"yaml","14","manual-)8.10-metadata-blocks.html","yaml"
"yaml","15","manual-)8.10-metadata-blocks.html","yaml"
"yaml","16","manual-)8.10-metadata-blocks.html","yaml"
"yaml","1","manual-)8.11-backslash-escapes.html","yaml"
"yaml","2","manual-)8.11-backslash-escapes.html","yaml"
"yaml","3","manual-)8.11-backslash-escapes.html","yaml"
"yaml","4","manual-)8.11-backslash-escapes.html","yaml"
"yaml","1","manual-)8.12-inline-formatting.html","yaml"
"yaml","2","manual-)8.12-inline-formatting.html","yaml"
"yaml","3","manual-)8.12-inline-formatting.html","yaml"
"yaml","4","manual-)8.12-inline-formatting.html","yaml"
"yaml","5","manual-)8.12-inline-formatting.html","yaml"
"yaml","6","manual-)8.12-inline-formatting.html","yaml"
"yaml","7","manual-)8.12-inline-formatting.html","yaml"
"yaml","8","manual-)8.12-inline-formatting.html","yaml"
"yaml","9","manual-)8.12-inline-formatting.html","yaml"
"yaml","10","manual-)8.12-inline-formatting.html","yaml"
"yaml","11","manual-)8.12-inline-formatting.html","yaml"
"yaml","12","manual-)8.12-inline-formatting.html","yaml"
"yaml","13","manual-)8.12-inline-formatting.html","yaml"
"yaml","14","manual-)8.12-inline-formatting.html","yaml"
"yaml","15","manual-)8.12-inline-formatting.html","yaml"
"yaml","16","manual-)8.12-inline-formatting.html","yaml"
"yaml","17","manual-)8.12-inline-formatting.html","yaml"
"yaml","1","manual-)8.14-raw-html.html","yaml"
"yaml","2","manual-)8.14-raw-html.html","yaml"
"yaml","3","manual-)8.14-raw-html.html","yaml"
"yaml","4","manual-)8.14-raw-html.html","yaml"
"yaml","5","manual-)8.14-raw-html.html","yaml"
"yaml","6","manual-)8.14-raw-html.html","yaml"
"yaml","7","manual-)8.14-raw-html.html","yaml"
"yaml","1","manual-)8.15-latex-macros.html","yaml"
"yaml","1","manual-)8.16-links-1.html","yaml"
"yaml","2","manual-)8.16-links-1.html","yaml"
"yaml","3","manual-)8.16-links-1.html","yaml"
"yaml","4","manual-)8.16-links-1.html","yaml"
"yaml","5","manual-)8.16-links-1.html","yaml"
"yaml","6","manual-)8.16-links-1.html","yaml"
"yaml","7","manual-)8.16-links-1.html","yaml"
"yaml","8","manual-)8.16-links-1.html","yaml"
"yaml","9","manual-)8.16-links-1.html","yaml"
"yaml","10","manual-)8.16-links-1.html","yaml"
"yaml","11","manual-)8.16-links-1.html","yaml"
"yaml","12","manual-)8.16-links-1.html","yaml"
"yaml","1","manual-)8.17-images.html","yaml"
"yaml","2","manual-)8.17-images.html","yaml"
"yaml","3","manual-)8.17-images.html","yaml"
"yaml","4","manual-)8.17-images.html","yaml"
"yaml","5","manual-)8.17-images.html","yaml"
"yaml","1","manual-)8.18-divs-and-spans.html","yaml"
"yaml","2","manual-)8.18-divs-and-spans.html","yaml"
"yaml","3","manual-)8.18-divs-and-spans.html","yaml"
"yaml","1","manual-)8.19-footnotes.html","yaml"
"yaml","2","manual-)8.19-footnotes.html","yaml"
"yaml","1","manual-)8.20-citation-syntax.html","yaml"
"yaml","2","manual-)8.20-citation-syntax.html","yaml"
"yaml","3","manual-)8.20-citation-syntax.html","yaml"
"yaml","4","manual-)8.20-citation-syntax.html","yaml"
"yaml","5","manual-)8.20-citation-syntax.html","yaml"
"yaml","6","manual-)8.20-citation-syntax.html","yaml"
"yaml","7","manual-)8.20-citation-syntax.html","yaml"
"yaml","1","manual-)8.21-non-default-extensions.html","yaml"
"yaml","2","manual-)8.21-non-default-extensions.html","yaml"
"yaml","3","manual-)8.21-non-default-extensions.html","yaml"
"yaml","4","manual-)8.21-non-default-extensions.html","yaml"
"yaml","5","manual-)8.21-non-default-extensions.html","yaml"
"yaml","6","manual-)8.21-non-default-extensions.html","yaml"
"yaml","7","manual-)8.21-non-default-extensions.html","yaml"
"yaml","8","manual-)8.21-non-default-extensions.html","yaml"
"yaml","9","manual-)8.21-non-default-extensions.html","yaml"
"yaml","10","manual-)8.21-non-default-extensions.html","yaml"
"yaml","11","manual-)8.21-non-default-extensions.html","yaml"
"yaml","12","manual-)8.21-non-default-extensions.html","yaml"
"yaml","13","manual-)8.21-non-default-extensions.html","yaml"
"yaml","1","manual-)8.22-markdown-variants.html","yaml"
"yaml","1","manual-)9-citations.html","yaml"
"yaml","1","manual-)9.1-specifying-bibliographic-data.html","yaml"
"yaml","2","manual-)9.1-specifying-bibliographic-data.html","yaml"
"yaml","3","manual-)9.1-specifying-bibliographic-data.html","yaml"
"yaml","4","manual-)9.1-specifying-bibliographic-data.html","yaml"
"yaml","5","manual-)9.1-specifying-bibliographic-data.html","yaml"
"yaml","6","manual-)9.1-specifying-bibliographic-data.html","yaml"
"yaml","7","manual-)9.1-specifying-bibliographic-data.html","yaml"
"yaml","1","manual-)9.2-specifying-a-citation-style.html","yaml"
"yaml","1","manual-)9.3-citations-in-note-styles.html","yaml"
"yaml","2","manual-)9.3-citations-in-note-styles.html","yaml"
"yaml","1","manual-)9.4-placement-of-the-bibliography.html","yaml"
"yaml","2","manual-)9.4-placement-of-the-bibliography.html","yaml"
"yaml","3","manual-)9.4-placement-of-the-bibliography.html","yaml"
"yaml","1","manual-)9.5-including-uncited-items-in-the-bibliography.html","yaml"
"yaml","2","manual-)9.5-including-uncited-items-in-the-bibliography.html","yaml"
"yaml","1","manual-)10-slide-shows.html","yaml"
"yaml","2","manual-)10-slide-shows.html","yaml"
"yaml","3","manual-)10-slide-shows.html","yaml"
"yaml","4","manual-)10-slide-shows.html","yaml"
"yaml","1","manual-)10.2-incremental-lists.html","yaml"
"yaml","2","manual-)10.2-incremental-lists.html","yaml"
"yaml","3","manual-)10.2-incremental-lists.html","yaml"
"yaml","4","manual-)10.2-incremental-lists.html","yaml"
"yaml","1","manual-)10.3-inserting-pauses.html","yaml"
"yaml","1","manual-)10.4-styling-the-slides.html","yaml"
"yaml","2","manual-)10.4-styling-the-slides.html","yaml"
"yaml","1","manual-)10.5-speaker-notes.html","yaml"
"yaml","1","manual-)10.6-columns.html","yaml"
"yaml","2","manual-)10.6-columns.html","yaml"
"yaml","3","manual-)10.6-columns.html","yaml"
"yaml","1","manual-)10.7-frame-attributes-in-beamer.html","yaml"
"yaml","2","manual-)10.7-frame-attributes-in-beamer.html","yaml"
"yaml","3","manual-)10.7-frame-attributes-in-beamer.html","yaml"
"yaml","1","manual-)10.8-background-in-reveal.js-beamer-and-pptx.html","yaml"
"yaml","1","manual-)11.1-epub-metadata.html","yaml"
"yaml","2","manual-)11.1-epub-metadata.html","yaml"
"yaml","1","manual-)11.2-the-epubtype-attribute.html","yaml"
"yaml","2","manual-)11.2-the-epubtype-attribute.html","yaml"
"yaml","1","manual-)11.3-linked-media.html","yaml"
"yaml","1","manual-)13-jupyter-notebooks.html","yaml"
"yaml","2","manual-)13-jupyter-notebooks.html","yaml"
"yaml","1","manual-)14-syntax-highlighting.html","yaml"
"yaml","2","manual-)14-syntax-highlighting.html","yaml"
"yaml","1","manual-)15.1-output.html","yaml"
"yaml","2","manual-)15.1-output.html","yaml"
"yaml","1","manual-)15.2-input.html","yaml"
"yaml","2","manual-)15.2-input.html","yaml"
"yaml","1","manual-)16-custom-readers-and-writers.html","yaml"
"yaml","2","manual-)16-custom-readers-and-writers.html","yaml"
"yaml","1","manual-)18.1-context.html","yaml"
"yaml","1","manual-)18.2-weasyprint.html","yaml"
"yaml","1","manual-)18.3-prince-xml.html","yaml"
"yaml","1","org.html","yaml"
"yaml","2","org.html","yaml"
"yaml","3","org.html","yaml"
"yaml","4","org.html","yaml"
"yaml","1","pandoc-server.html","yaml"
"yaml","2","pandoc-server.html","yaml"
"yaml","3","pandoc-server.html","yaml"
"yaml","1","releases.html","yaml"
"yaml","2","releases.html","yaml"
"yaml","3","releases.html","yaml"
"yaml","4","releases.html","yaml"
"yaml","5","releases.html","yaml"
"yaml","6","releases.html","yaml"
"yaml","7","releases.html","yaml"
"yaml","8","releases.html","yaml"
"yaml","9","releases.html","yaml"
"yaml","10","releases.html","yaml"
"yaml","11","releases.html","yaml"
"yaml","12","releases.html","yaml"
"yaml","13","releases.html","yaml"
"yaml","14","releases.html","yaml"
"yaml","15","releases.html","yaml"
"yaml","16","releases.html","yaml"
"yaml","17","releases.html","yaml"
"yaml","18","releases.html","yaml"
"yaml","19","releases.html","yaml"
"yaml","20","releases.html","yaml"
"yaml","21","releases.html","yaml"
"yaml","22","releases.html","yaml"
"yaml","23","releases.html","yaml"
"yaml","24","releases.html","yaml"
"yaml","25","releases.html","yaml"
"yaml","26","releases.html","yaml"
"yaml","27","releases.html","yaml"
"yaml","28","releases.html","yaml"
"yaml","29","releases.html","yaml"
"yaml","30","releases.html","yaml"
"yaml","31","releases.html","yaml"
"yaml","32","releases.html","yaml"
"yaml","33","releases.html","yaml"
"yaml","34","releases.html","yaml"
"yaml","35","releases.html","yaml"
"yaml","36","releases.html","yaml"
"yaml","37","releases.html","yaml"
"yaml","38","releases.html","yaml"
"yaml","39","releases.html","yaml"
"yaml","40","releases.html","yaml"
"yaml","41","releases.html","yaml"
"yaml","42","releases.html","yaml"
"yaml","43","releases.html","yaml"
"yaml","44","releases.html","yaml"
"yaml","45","releases.html","yaml"
"yaml","46","releases.html","yaml"
"yaml","47","releases.html","yaml"
"yaml","48","releases.html","yaml"
"yaml","49","releases.html","yaml"
"yaml","50","releases.html","yaml"
"yaml","51","releases.html","yaml"
"yaml","52","releases.html","yaml"
"yaml","53","releases.html","yaml"
"yaml","54","releases.html","yaml"
"yaml","55","releases.html","yaml"
"yaml","56","releases.html","yaml"
"yaml","57","releases.html","yaml"
"yaml","58","releases.html","yaml"
"yaml","59","releases.html","yaml"
"yaml","60","releases.html","yaml"
"yaml","61","releases.html","yaml"
"yaml","62","releases.html","yaml"
"yaml","63","releases.html","yaml"
"yaml","64","releases.html","yaml"
"yaml","65","releases.html","yaml"
"yaml","66","releases.html","yaml"
"yaml","67","releases.html","yaml"
"yaml","68","releases.html","yaml"
"yaml","69","releases.html","yaml"
"yaml","70","releases.html","yaml"
"yaml","71","releases.html","yaml"
"yaml","72","releases.html","yaml"
"yaml","73","releases.html","yaml"
"yaml","74","releases.html","yaml"
"yaml","75","releases.html","yaml"
"yaml","76","releases.html","yaml"
"yaml","77","releases.html","yaml"
"yaml","78","releases.html","yaml"
"yaml","79","releases.html","yaml"
"yaml","80","releases.html","yaml"
"yaml","81","releases.html","yaml"
"yaml","82","releases.html","yaml"
"yaml","83","releases.html","yaml"
"yaml","84","releases.html","yaml"
"yaml","85","releases.html","yaml"
"yaml","86","releases.html","yaml"
"yaml","87","releases.html","yaml"
"yaml","88","releases.html","yaml"
"yaml","89","releases.html","yaml"
"yaml","90","releases.html","yaml"
"yaml","91","releases.html","yaml"
"yaml","92","releases.html","yaml"
"yaml","93","releases.html","yaml"
"yaml","94","releases.html","yaml"
"yaml","95","releases.html","yaml"
"yaml","96","releases.html","yaml"
"yaml","97","releases.html","yaml"
"yaml","98","releases.html","yaml"
"yaml","99","releases.html","yaml"
"yaml","100","releases.html","yaml"
"yaml","101","releases.html","yaml"
"yaml","102","releases.html","yaml"
"yaml","103","releases.html","yaml"
"yaml","104","releases.html","yaml"
"yaml","105","releases.html","yaml"
"yaml","106","releases.html","yaml"
"yaml","107","releases.html","yaml"
"yaml","108","releases.html","yaml"
"yaml","109","releases.html","yaml"
"yaml","1","typst-property-output.html","yaml"
"yaml","2","typst-property-output.html","yaml"
"yaml","3","typst-property-output.html","yaml"
"yaml","4","typst-property-output.html","yaml"
"yaml","5","typst-property-output.html","yaml"
"yaml","6","typst-property-output.html","yaml"
"yaml","7","typst-property-output.html","yaml"
"yaml","8","typst-property-output.html","yaml"
"yaml","9","typst-property-output.html","yaml"
"yaml","10","typst-property-output.html","yaml"
"yaml","1","using-the-pandoc-api.html","yaml"
"yaml","2","using-the-pandoc-api.html","yaml"
"yaml","3","using-the-pandoc-api.html","yaml"
"yaml","4","using-the-pandoc-api.html","yaml"
"yaml","5","using-the-pandoc-api.html","yaml"
"yaml","6","using-the-pandoc-api.html","yaml"
"yaml","7","using-the-pandoc-api.html","yaml"
"yaml","8","using-the-pandoc-api.html","yaml"
"yaml","9","using-the-pandoc-api.html","yaml"
"yaml","10","using-the-pandoc-api.html","yaml"
"yaml","11","using-the-pandoc-api.html","yaml"
"yaml","12","using-the-pandoc-api.html","yaml"
"yaml","13","using-the-pandoc-api.html","yaml"
"yaml","14","using-the-pandoc-api.html","yaml"
"yaml","15","using-the-pandoc-api.html","yaml"
